REVEL_score,CADD_RAW,EVE_SCORE,PolyPhen,SIFT,CLIN_SIG
0.301301,0.476263,0.2926358964850859,0.009,0.14,likely_benign
0.301301,0.476263,0.2926358964850859,0.027,0.04,likely_benign
0.301301,0.476263,0.2926358964850859,0.015,0.13,likely_benign
0.301301,0.476263,0.2926358964850859,0.013,0.1,likely_benign
0.301301,0.476263,0.2926358964850859,0.009,0.04,likely_benign
0.301301,0.476263,0.2926358964850859,0.007,0.04,likely_benign
0.301301,0.476263,0.2926358964850859,0.012,0.05,likely_benign
0.301301,0.476263,0.2926358964850859,0.025,0.11,likely_benign
0.301301,0.476263,0.2926358964850859,0.009,0.14,likely_benign
0.301301,0.476263,0.2926358964850859,0.027,0.04,likely_benign
0.301301,0.476263,0.2926358964850859,0.015,0.13,likely_benign
0.301301,0.476263,0.2926358964850859,0.013,0.1,likely_benign
0.301301,0.476263,0.2926358964850859,0.009,0.04,likely_benign
0.301301,0.476263,0.2926358964850859,0.007,0.04,likely_benign
0.301301,0.476263,0.2926358964850859,0.012,0.05,likely_benign
0.301301,0.476263,0.2926358964850859,0.025,0.11,likely_benign
0.928928,4.302908,0.9095015277701656,1.0,0.0,likely_pathogenic
0.928928,4.302908,0.9095015277701656,0.998,0.0,likely_pathogenic
0.928928,4.302908,0.9095015277701656,0.998,0.0,likely_pathogenic
0.928928,4.302908,0.9095015277701656,0.998,0.0,likely_pathogenic
0.928928,4.302908,0.9095015277701656,1.0,0.0,likely_pathogenic
0.928928,4.302908,0.9095015277701656,0.998,0.0,likely_pathogenic
0.928928,4.302908,0.9095015277701656,0.998,0.0,likely_pathogenic
0.928928,4.302908,0.9095015277701656,0.998,0.0,likely_pathogenic
0.159159,-0.578957,6.598533290939298,0.037,1.0,likely_benign
0.159159,-0.578957,6.598533290939298,0.037,1.0,likely_benign
0.159159,-0.578957,6.598533290939298,0.017,1.0,likely_benign
0.159159,-0.578957,6.598533290939298,0.037,1.0,likely_benign
0.307307,3.031168501007479,4.636202,0.001,0.11,pathogenic
0.307307,3.031168501007479,4.636202,0.031,0.14,pathogenic
0.307307,3.031168501007479,4.636202,0.031,0.14,pathogenic
0.307307,3.031168501007479,4.636202,0.001,0.11,pathogenic
0.307307,3.031168501007479,4.636202,0.031,0.14,pathogenic
0.307307,3.031168501007479,4.636202,0.031,0.14,pathogenic
0.307307,3.031168501007479,4.636202,0.001,0.11,pathogenic
0.307307,3.031168501007479,4.636202,0.031,0.14,pathogenic
0.307307,3.031168501007479,4.636202,0.031,0.14,pathogenic
0.35,0.4526743296800966,1.882832,0.583,0.01,benign
0.35,0.4526743296800966,1.882832,0.583,0.01,benign
0.35,0.4526743296800966,1.882832,0.583,0.01,benign
0.35,0.4526743296800966,1.882832,0.583,0.01,benign
0.025,0.4665397054818749,1.269156,0.003,0.27,benign
0.019,-1.115572,6.598533290939298,0.0,1.0,likely_benign
0.119,2.03105,6.598533290939298,0.095,0.36,benign
0.279279,3.760569,6.598533290939298,0.155,0.0,benign
0.279279,3.760569,6.598533290939298,0.204,0.01,benign
0.463,3.521154,0.5598500237609865,0.258,0.0,benign
0.463,3.521154,0.5598500237609865,0.001,0.0,benign
0.463,3.521154,0.5598500237609865,0.712,0.0,benign
0.463,3.521154,0.5598500237609865,0.412,0.0,benign
0.463,3.521154,0.5598500237609865,0.08,0.0,benign
0.463,3.521154,0.5598500237609865,0.342,0.0,benign
0.061061,2.201807,6.598533290939298,0.341,0.09,benign
0.061061,2.201807,6.598533290939298,0.341,0.1,benign
0.061061,2.201807,6.598533290939298,0.074,0.15,benign
0.061061,2.201807,6.598533290939298,0.341,0.09,benign
0.061061,2.201807,6.598533290939298,0.341,0.1,benign
0.061061,2.201807,6.598533290939298,0.074,0.15,benign
0.543543,4.732251,6.598533290939298,0.981,0.0,likely_benign
0.543543,4.732251,6.598533290939298,0.999,0.0,likely_benign
0.543543,4.732251,6.598533290939298,0.841,0.0,likely_benign
0.205,1.738637,0.2085666473451096,0.057,0.23,benign
0.071,2.020851,6.598533290939298,0.0,1.0,likely_benign
0.071,2.020851,6.598533290939298,0.0,1.0,likely_benign
0.071,2.020851,6.598533290939298,0.0,1.0,likely_benign
0.071,2.020851,6.598533290939298,0.0,1.0,likely_benign
0.131131,-1.26516,6.598533290939298,0.0,0.78,benign
0.131131,-1.26516,6.598533290939298,0.0,0.75,benign
0.131131,-1.26516,6.598533290939298,0.0,0.81,benign
0.131131,-1.26516,6.598533290939298,0.4968498985801217,0.73,benign
0.131131,-1.26516,6.598533290939298,0.4968498985801217,0.89,benign
0.91,3.618528,0.9313639382395018,0.809,0.0,likely_pathogenic
0.91,3.618528,0.9313639382395018,0.995,0.0,likely_pathogenic
0.91,3.618528,0.9313639382395018,0.9,0.0,likely_pathogenic
0.91,3.618528,0.9313639382395018,0.991,0.0,likely_pathogenic
0.91,3.618528,0.9313639382395018,0.991,0.0,likely_pathogenic
0.91,3.618528,0.9313639382395018,0.978,0.0,likely_pathogenic
0.91,3.618528,0.9313639382395018,0.809,0.0,likely_pathogenic
0.91,3.618528,0.9313639382395018,0.995,0.0,likely_pathogenic
0.91,3.618528,0.9313639382395018,0.9,0.0,likely_pathogenic
0.91,3.618528,0.9313639382395018,0.991,0.0,likely_pathogenic
0.91,3.618528,0.9313639382395018,0.991,0.0,likely_pathogenic
0.91,3.618528,0.9313639382395018,0.978,0.0,likely_pathogenic
0.91,3.618528,0.9313639382395018,0.809,0.0,likely_pathogenic
0.91,3.618528,0.9313639382395018,0.995,0.0,likely_pathogenic
0.91,3.618528,0.9313639382395018,0.9,0.0,likely_pathogenic
0.91,3.618528,0.9313639382395018,0.991,0.0,likely_pathogenic
0.91,3.618528,0.9313639382395018,0.991,0.0,likely_pathogenic
0.91,3.618528,0.9313639382395018,0.978,0.0,likely_pathogenic
0.913,3.542814,0.9184984733187715,0.996,0.0,pathogenic
0.913,3.542814,0.9184984733187715,0.999,0.0,pathogenic
0.913,3.542814,0.9184984733187715,0.994,0.0,pathogenic
0.913,3.542814,0.9184984733187715,0.998,0.0,pathogenic
0.913,3.542814,0.9184984733187715,0.998,0.0,pathogenic
0.913,3.542814,0.9184984733187715,0.958,0.0,pathogenic
0.913,3.542814,0.9184984733187715,0.996,0.0,pathogenic
0.913,3.542814,0.9184984733187715,0.999,0.0,pathogenic
0.913,3.542814,0.9184984733187715,0.994,0.0,pathogenic
0.913,3.542814,0.9184984733187715,0.998,0.0,pathogenic
0.913,3.542814,0.9184984733187715,0.998,0.0,pathogenic
0.913,3.542814,0.9184984733187715,0.958,0.0,pathogenic
0.913,3.542814,0.9184984733187715,0.996,0.0,pathogenic
0.913,3.542814,0.9184984733187715,0.999,0.0,pathogenic
0.913,3.542814,0.9184984733187715,0.994,0.0,pathogenic
0.913,3.542814,0.9184984733187715,0.998,0.0,pathogenic
0.913,3.542814,0.9184984733187715,0.998,0.0,pathogenic
0.913,3.542814,0.9184984733187715,0.958,0.0,pathogenic
0.784,2.539535,0.9201983183527948,0.997,0.0,likely_pathogenic
0.784,2.539535,0.9201983183527948,1.0,0.0,likely_pathogenic
0.784,2.539535,0.9201983183527948,0.691,0.0,likely_pathogenic
0.784,2.539535,0.9201983183527948,0.999,0.0,likely_pathogenic
0.784,2.539535,0.9201983183527948,0.999,0.0,likely_pathogenic
0.784,2.539535,0.9201983183527948,0.998,0.0,likely_pathogenic
0.784,2.539535,0.9201983183527948,0.997,0.0,likely_pathogenic
0.784,2.539535,0.9201983183527948,1.0,0.0,likely_pathogenic
0.784,2.539535,0.9201983183527948,0.691,0.0,likely_pathogenic
0.784,2.539535,0.9201983183527948,0.999,0.0,likely_pathogenic
0.784,2.539535,0.9201983183527948,0.999,0.0,likely_pathogenic
0.784,2.539535,0.9201983183527948,0.998,0.0,likely_pathogenic
0.784,2.539535,0.9201983183527948,0.997,0.0,likely_pathogenic
0.784,2.539535,0.9201983183527948,1.0,0.0,likely_pathogenic
0.784,2.539535,0.9201983183527948,0.691,0.0,likely_pathogenic
0.784,2.539535,0.9201983183527948,0.999,0.0,likely_pathogenic
0.784,2.539535,0.9201983183527948,0.999,0.0,likely_pathogenic
0.784,2.539535,0.9201983183527948,0.998,0.0,likely_pathogenic
0.223223,1.673065,0.1046885082003744,0.007,0.64,benign
0.223223,1.673065,0.1046885082003744,0.011,0.63,benign
0.223223,1.673065,0.1046885082003744,0.007,0.64,benign
0.223223,1.673065,0.1046885082003744,0.011,0.63,benign
0.3659596634406765,3.031168501007479,3.590577,0.716,0.01,likely_pathogenic
0.3659596634406765,3.031168501007479,3.590577,0.852,0.05,likely_pathogenic
0.3659596634406765,3.031168501007479,3.590577,0.98,0.01,likely_pathogenic
0.3659596634406765,3.031168501007479,3.590577,0.63,0.08,likely_pathogenic
0.3659596634406765,3.031168501007479,3.590577,0.714,0.03,likely_pathogenic
0.3659596634406765,3.031168501007479,3.590577,0.63,0.06,likely_pathogenic
0.3659596634406765,3.031168501007479,3.590577,0.999,0.01,likely_pathogenic
0.3659596634406765,3.031168501007479,3.590577,0.963,0.06,likely_pathogenic
0.3659596634406765,3.031168501007479,3.590577,0.933,0.0,likely_pathogenic
0.3659596634406765,3.031168501007479,3.590577,0.955,0.04,likely_pathogenic
0.3659596634406765,3.031168501007479,3.590577,0.997,0.01,likely_pathogenic
0.3659596634406765,3.031168501007479,3.590577,0.941,0.07,likely_pathogenic
0.3659596634406765,3.031168501007479,3.590577,0.63,0.05,likely_pathogenic
0.3659596634406765,3.031168501007479,3.590577,0.596,0.05,likely_pathogenic
0.3659596634406765,3.031168501007479,3.590577,0.63,0.04,likely_pathogenic
0.3659596634406765,3.031168501007479,3.590577,0.632,0.01,likely_pathogenic
0.3659596634406765,3.031168501007479,3.590577,0.981,0.09,likely_pathogenic
0.3659596634406765,3.031168501007479,3.590577,0.997,0.01,likely_pathogenic
0.3659596634406765,3.031168501007479,3.590577,0.972,0.04,likely_pathogenic
0.3659596634406765,3.031168501007479,3.590577,0.963,0.08,likely_pathogenic
0.3659596634406765,3.031168501007479,3.590577,0.987,0.06,likely_pathogenic
0.3659596634406765,3.031168501007479,3.590577,0.63,0.06,likely_pathogenic
0.3659596634406765,3.031168501007479,3.590577,0.63,0.06,likely_pathogenic
0.3659596634406765,3.031168501007479,3.590577,0.995,0.01,likely_pathogenic
0.3659596634406765,3.031168501007479,3.590577,0.933,0.0,likely_pathogenic
0.3659596634406765,3.031168501007479,3.590577,0.63,0.05,likely_pathogenic
0.3659596634406765,3.031168501007479,3.590577,0.98,0.06,likely_pathogenic
0.2260189991895998,3.031168501007479,2.283556,0.164,0.07,likely_benign
0.2260189991895998,3.031168501007479,2.283556,0.017,0.08,likely_benign
0.2260189991895998,3.031168501007479,2.283556,0.017,0.08,likely_benign
0.2260189991895998,3.031168501007479,2.283556,0.025,0.07,likely_benign
0.2260189991895998,3.031168501007479,2.283556,0.164,0.07,likely_benign
0.2260189991895998,3.031168501007479,2.283556,0.017,0.08,likely_benign
0.2260189991895998,3.031168501007479,2.283556,0.017,0.08,likely_benign
0.2260189991895998,3.031168501007479,2.283556,0.025,0.07,likely_benign
0.5268575914492091,3.031168501007479,4.248416,0.878,0.0,pathogenic
0.5268575914492091,3.031168501007479,4.248416,0.255,0.0,pathogenic
0.5268575914492091,3.031168501007479,4.248416,0.137,0.0,pathogenic
0.5268575914492091,3.031168501007479,4.248416,0.878,0.0,pathogenic
0.3008560491001698,3.031168501007479,4.656308,0.219,0.01,likely_benign
0.3008560491001698,3.031168501007479,4.656308,0.02,0.0,likely_benign
0.3008560491001698,3.031168501007479,4.656308,0.134,0.0,likely_benign
0.8889207234219129,3.031168501007479,5.591318,1.0,0.0,likely_pathogenic
0.8889207234219129,3.031168501007479,5.591318,1.0,0.03,likely_pathogenic
0.8889207234219129,3.031168501007479,5.591318,0.999,0.03,likely_pathogenic
0.8889207234219129,3.031168501007479,5.591318,0.999,0.03,likely_pathogenic
0.099470752609538,3.031168501007479,1.153018,0.0,0.37,benign
0.9706884546540396,3.031168501007479,4.806123,0.859,0.0,likely_pathogenic
0.2624085931513325,3.031168501007479,3.375517,0.05,0.02,likely_pathogenic
0.2624085931513325,3.031168501007479,3.375517,0.05,0.02,likely_pathogenic
0.2624085931513325,3.031168501007479,3.375517,0.125,0.04,likely_pathogenic
0.2624085931513325,3.031168501007479,3.375517,0.077,0.04,likely_pathogenic
0.2624085931513325,3.031168501007479,3.375517,0.0,0.14,likely_pathogenic
0.2624085931513325,3.031168501007479,3.375517,0.05,0.02,likely_pathogenic
0.2624085931513325,3.031168501007479,3.375517,0.05,0.02,likely_pathogenic
0.2624085931513325,3.031168501007479,3.375517,0.125,0.04,likely_pathogenic
0.2624085931513325,3.031168501007479,3.375517,0.077,0.04,likely_pathogenic
0.2624085931513325,3.031168501007479,3.375517,0.0,0.14,likely_pathogenic
0.6362683934633424,3.031168501007479,4.153694,0.615,0.0,pathogenic
0.6362683934633424,3.031168501007479,4.153694,0.615,0.0,pathogenic
0.6362683934633424,3.031168501007479,4.153694,0.615,0.0,pathogenic
0.933,0.8323173218897779,28.7,0.988,0.0,pathogenic
0.622,3.031168501007479,26.3,0.999,0.0,pathogenic
0.037,3.031168501007479,1.989,0.001,0.73,likely_benign
0.037,3.031168501007479,1.989,0.001,0.73,likely_benign
0.605605605605605,0.2036753598201819,24.3,0.996,0.0,likely_benign
0.605605605605605,0.2036753598201819,24.3,0.994,0.0,likely_benign
0.605605605605605,0.2036753598201819,24.3,0.997,0.0,likely_benign
0.605605605605605,0.2036753598201819,24.3,0.994,0.0,likely_benign
0.605605605605605,0.2036753598201819,24.3,0.997,0.0,likely_benign
0.605605605605605,0.2036753598201819,24.3,0.979,0.0,likely_benign
0.605605605605605,0.2036753598201819,24.3,0.959,0.0,likely_benign
0.605605605605605,0.2036753598201819,24.3,0.979,0.0,likely_benign
0.605605605605605,0.2036753598201819,24.3,0.997,0.0,likely_benign
0.605605605605605,0.2036753598201819,24.3,0.994,0.0,likely_benign
0.605605605605605,0.2036753598201819,24.3,0.979,0.0,likely_benign
0.605605605605605,0.2036753598201819,24.3,0.979,0.0,likely_benign
0.605605605605605,0.2036753598201819,24.3,0.994,0.0,likely_benign
0.605605605605605,0.2036753598201819,24.3,0.994,0.0,likely_benign
0.605605605605605,0.2036753598201819,24.3,0.979,0.0,likely_benign
0.605605605605605,0.2036753598201819,24.3,0.982,0.0,likely_benign
0.605605605605605,0.2036753598201819,24.3,0.979,0.0,likely_benign
0.605605605605605,0.2036753598201819,24.3,0.996,0.0,likely_benign
0.605605605605605,0.2036753598201819,24.3,0.994,0.0,likely_benign
0.605605605605605,0.2036753598201819,24.3,0.997,0.0,likely_benign
0.605605605605605,0.2036753598201819,24.3,0.994,0.0,likely_benign
0.605605605605605,0.2036753598201819,24.3,0.997,0.0,likely_benign
0.605605605605605,0.2036753598201819,24.3,0.979,0.0,likely_benign
0.605605605605605,0.2036753598201819,24.3,0.959,0.0,likely_benign
0.605605605605605,0.2036753598201819,24.3,0.979,0.0,likely_benign
0.605605605605605,0.2036753598201819,24.3,0.997,0.0,likely_benign
0.605605605605605,0.2036753598201819,24.3,0.994,0.0,likely_benign
0.605605605605605,0.2036753598201819,24.3,0.979,0.0,likely_benign
0.605605605605605,0.2036753598201819,24.3,0.979,0.0,likely_benign
0.605605605605605,0.2036753598201819,24.3,0.994,0.0,likely_benign
0.605605605605605,0.2036753598201819,24.3,0.994,0.0,likely_benign
0.605605605605605,0.2036753598201819,24.3,0.979,0.0,likely_benign
0.605605605605605,0.2036753598201819,24.3,0.982,0.0,likely_benign
0.605605605605605,0.2036753598201819,24.3,0.979,0.0,likely_benign
0.605605605605605,0.2036753598201819,24.3,0.996,0.0,likely_benign
0.605605605605605,0.2036753598201819,24.3,0.994,0.0,likely_benign
0.605605605605605,0.2036753598201819,24.3,0.997,0.0,likely_benign
0.605605605605605,0.2036753598201819,24.3,0.994,0.0,likely_benign
0.605605605605605,0.2036753598201819,24.3,0.997,0.0,likely_benign
0.605605605605605,0.2036753598201819,24.3,0.979,0.0,likely_benign
0.605605605605605,0.2036753598201819,24.3,0.959,0.0,likely_benign
0.605605605605605,0.2036753598201819,24.3,0.979,0.0,likely_benign
0.605605605605605,0.2036753598201819,24.3,0.997,0.0,likely_benign
0.605605605605605,0.2036753598201819,24.3,0.994,0.0,likely_benign
0.605605605605605,0.2036753598201819,24.3,0.979,0.0,likely_benign
0.605605605605605,0.2036753598201819,24.3,0.979,0.0,likely_benign
0.605605605605605,0.2036753598201819,24.3,0.994,0.0,likely_benign
0.605605605605605,0.2036753598201819,24.3,0.994,0.0,likely_benign
0.605605605605605,0.2036753598201819,24.3,0.979,0.0,likely_benign
0.605605605605605,0.2036753598201819,24.3,0.982,0.0,likely_benign
0.605605605605605,0.2036753598201819,24.3,0.979,0.0,likely_benign
0.096,0.3970336974008031,23.6,0.717,0.02,benign
0.096,0.3970336974008031,23.6,0.302,0.02,benign
0.096,0.3970336974008031,23.6,0.302,0.02,benign
0.2002,0.2848904605476889,17.64,0.774,0.18,likely_benign
0.2002,0.2848904605476889,17.64,0.774,0.18,likely_benign
0.2002,0.2848904605476889,17.64,0.0,0.04,likely_benign
0.2002,0.2848904605476889,17.64,0.774,0.18,likely_benign
0.2002,0.2848904605476889,17.64,0.774,0.18,likely_benign
0.2002,0.2848904605476889,17.64,0.774,0.18,likely_benign
0.2002,0.2848904605476889,17.64,0.0,0.04,likely_benign
0.2002,0.2848904605476889,17.64,0.774,0.18,likely_benign
0.064064,0.1981793904209049,12.49,0.0,0.0,benign
0.064064,0.1981793904209049,12.49,0.0,0.0,benign
0.064064,0.1981793904209049,12.49,0.0,0.0,benign
0.064064,0.1981793904209049,12.49,0.0,0.0,benign
0.064064,0.1981793904209049,12.49,0.0,0.0,benign
0.064064,0.1981793904209049,12.49,0.0,0.0,benign
0.686,0.5093657809882205,25.1,0.577,0.02,likely_pathogenic
0.686,0.5093657809882205,25.1,0.997,0.02,likely_pathogenic
0.686,0.5093657809882205,25.1,0.577,0.02,likely_pathogenic
0.686,0.5093657809882205,25.1,0.997,0.02,likely_pathogenic
0.103,0.0762498179892417,16.01,0.001,0.27,likely_benign
0.047047047047,3.031168501007479,3.559,0.0,0.23,benign
0.047047047047,3.031168501007479,3.559,0.024,0.2,benign
0.047047047047,3.031168501007479,3.559,0.021,0.28,benign
0.047047047047,3.031168501007479,3.559,0.007,0.21,benign
0.047047047047,3.031168501007479,3.559,0.035,0.2,benign
0.047047047047,3.031168501007479,3.559,0.007,0.24,benign
0.047047047047,3.031168501007479,3.559,0.01,0.18,benign
0.047047047047,3.031168501007479,3.559,0.0,0.21,benign
0.047047047047,3.031168501007479,3.559,0.031,0.21,benign
0.047047047047,3.031168501007479,3.559,0.003,0.27,benign
0.047047047047,3.031168501007479,3.559,0.0,0.23,benign
0.047047047047,3.031168501007479,3.559,0.006,0.18,benign
0.047047047047,3.031168501007479,3.559,0.003,0.25,benign
0.047047047047,3.031168501007479,3.559,0.007,0.24,benign
0.047047047047,3.031168501007479,3.559,0.031,0.15,benign
0.047047047047,3.031168501007479,3.559,0.031,0.2,benign
0.047047047047,3.031168501007479,3.559,0.031,0.17,benign
0.047047047047,3.031168501007479,3.559,0.0,0.23,benign
0.047047047047,3.031168501007479,3.559,0.024,0.2,benign
0.047047047047,3.031168501007479,3.559,0.021,0.28,benign
0.047047047047,3.031168501007479,3.559,0.007,0.21,benign
0.047047047047,3.031168501007479,3.559,0.035,0.2,benign
0.047047047047,3.031168501007479,3.559,0.007,0.24,benign
0.047047047047,3.031168501007479,3.559,0.01,0.18,benign
0.047047047047,3.031168501007479,3.559,0.0,0.21,benign
0.047047047047,3.031168501007479,3.559,0.031,0.21,benign
0.047047047047,3.031168501007479,3.559,0.003,0.27,benign
0.047047047047,3.031168501007479,3.559,0.0,0.23,benign
0.047047047047,3.031168501007479,3.559,0.006,0.18,benign
0.047047047047,3.031168501007479,3.559,0.003,0.25,benign
0.047047047047,3.031168501007479,3.559,0.007,0.24,benign
0.047047047047,3.031168501007479,3.559,0.031,0.15,benign
0.047047047047,3.031168501007479,3.559,0.031,0.2,benign
0.047047047047,3.031168501007479,3.559,0.031,0.17,benign
0.047047047047,3.031168501007479,3.559,0.0,0.23,benign
0.047047047047,3.031168501007479,3.559,0.024,0.2,benign
0.047047047047,3.031168501007479,3.559,0.021,0.28,benign
0.047047047047,3.031168501007479,3.559,0.007,0.21,benign
0.047047047047,3.031168501007479,3.559,0.035,0.2,benign
0.047047047047,3.031168501007479,3.559,0.007,0.24,benign
0.047047047047,3.031168501007479,3.559,0.01,0.18,benign
0.047047047047,3.031168501007479,3.559,0.0,0.21,benign
0.047047047047,3.031168501007479,3.559,0.031,0.21,benign
0.047047047047,3.031168501007479,3.559,0.003,0.27,benign
0.047047047047,3.031168501007479,3.559,0.0,0.23,benign
0.047047047047,3.031168501007479,3.559,0.006,0.18,benign
0.047047047047,3.031168501007479,3.559,0.003,0.25,benign
0.047047047047,3.031168501007479,3.559,0.007,0.24,benign
0.047047047047,3.031168501007479,3.559,0.031,0.15,benign
0.047047047047,3.031168501007479,3.559,0.031,0.2,benign
0.047047047047,3.031168501007479,3.559,0.031,0.17,benign
0.047047047047,3.031168501007479,3.559,0.0,0.23,benign
0.047047047047,3.031168501007479,3.559,0.024,0.2,benign
0.047047047047,3.031168501007479,3.559,0.021,0.28,benign
0.047047047047,3.031168501007479,3.559,0.007,0.21,benign
0.047047047047,3.031168501007479,3.559,0.035,0.2,benign
0.047047047047,3.031168501007479,3.559,0.007,0.24,benign
0.047047047047,3.031168501007479,3.559,0.01,0.18,benign
0.047047047047,3.031168501007479,3.559,0.0,0.21,benign
0.047047047047,3.031168501007479,3.559,0.031,0.21,benign
0.047047047047,3.031168501007479,3.559,0.003,0.27,benign
0.047047047047,3.031168501007479,3.559,0.0,0.23,benign
0.047047047047,3.031168501007479,3.559,0.006,0.18,benign
0.047047047047,3.031168501007479,3.559,0.003,0.25,benign
0.047047047047,3.031168501007479,3.559,0.007,0.24,benign
0.047047047047,3.031168501007479,3.559,0.031,0.15,benign
0.047047047047,3.031168501007479,3.559,0.031,0.2,benign
0.047047047047,3.031168501007479,3.559,0.031,0.17,benign
0.929,0.5114502180114299,29.5,0.742,0.0,pathogenic
0.929,0.5114502180114299,29.5,0.742,0.0,pathogenic
0.871871871,0.6671699622131402,32.0,0.998,0.0,pathogenic
0.871871871,0.6671699622131402,32.0,0.998,0.0,pathogenic
0.871871871,0.6671699622131402,32.0,0.998,0.0,pathogenic
0.871871871,0.6671699622131402,32.0,0.998,0.0,pathogenic
0.871871871,0.6671699622131402,32.0,0.998,0.0,pathogenic
0.871871871,0.6671699622131402,32.0,0.998,0.0,pathogenic
0.056056056,3.031168501007479,2.168139,0.0,0.02,benign
0.056056056,3.031168501007479,2.168139,0.009,0.01,benign
0.056056056,3.031168501007479,2.168139,0.003,0.01,benign
0.072,0.0924123623751509,0.973211,0.077,0.75,benign
0.8559542951839061,3.031168501007479,29.4,0.997,0.0,likely_pathogenic
0.569,3.183496,0.2005471703355431,0.095,0.03,likely_benign
0.569,3.183496,0.2005471703355431,0.038,0.03,likely_benign
0.569,3.183496,0.2005471703355431,0.136,0.04,likely_benign
0.31,3.783392,6.598533290939298,0.589,0.0,likely_pathogenic
0.31,3.783392,6.598533290939298,0.94,0.0,likely_pathogenic
0.31,3.783392,6.598533290939298,0.983,0.0,likely_pathogenic
0.31,3.783392,6.598533290939298,0.589,0.0,likely_pathogenic
0.31,3.783392,6.598533290939298,0.94,0.0,likely_pathogenic
0.31,3.783392,6.598533290939298,0.983,0.0,likely_pathogenic
1.422,1.613246,6.598533290939298,0.421,0.27,likely_benign
1.422,1.613246,6.598533290939298,0.421,0.27,likely_benign
1.422,1.613246,6.598533290939298,0.421,0.27,likely_benign
0.342,3.924563,6.598533290939298,0.234,0.03,benign
0.342,3.924563,6.598533290939298,0.234,0.03,benign
0.342,3.924563,6.598533290939298,0.0,0.01,benign
0.342,3.924563,6.598533290939298,0.0,0.02,benign
0.342,3.924563,6.598533290939298,0.0,0.02,benign
0.032,1.617616,6.598533290939298,0.151,0.08,likely_benign
0.032,1.617616,6.598533290939298,0.774,0.08,likely_benign
0.032,1.617616,6.598533290939298,0.383,0.08,likely_benign
1.514,3.713111,0.9852239582757456,1.0,0.0,benign
1.514,3.713111,0.9852239582757456,1.0,0.0,benign
1.514,3.713111,0.9852239582757456,1.0,0.0,benign
1.514,3.713111,0.9852239582757456,1.0,0.0,benign
0.598,4.111003,0.8350194467954716,1.0,0.0,pathogenic
0.598,4.111003,0.8350194467954716,1.0,0.0,pathogenic
0.598,4.111003,0.8350194467954716,1.0,0.0,pathogenic
0.598,4.111003,0.8350194467954716,1.0,0.0,pathogenic
0.598,4.111003,0.8350194467954716,1.0,0.0,pathogenic
0.598,4.111003,0.8350194467954716,1.0,0.0,pathogenic
0.598,4.111003,0.8350194467954716,1.0,0.0,pathogenic
0.598,4.111003,0.8350194467954716,1.0,0.0,pathogenic
0.598,4.111003,0.8350194467954716,1.0,0.0,pathogenic
0.598,4.111003,0.8350194467954716,1.0,0.0,pathogenic
0.598,4.111003,0.8350194467954716,1.0,0.0,pathogenic
0.598,4.111003,0.8350194467954716,1.0,0.0,pathogenic
0.598,4.111003,0.8350194467954716,1.0,0.0,pathogenic
0.598,4.111003,0.8350194467954716,1.0,0.0,pathogenic
0.598,4.111003,0.8350194467954716,1.0,0.0,pathogenic
0.598,4.111003,0.8350194467954716,1.0,0.0,pathogenic
0.598,4.111003,0.8350194467954716,1.0,0.0,pathogenic
0.598,4.111003,0.8350194467954716,1.0,0.0,pathogenic
0.309,3.661225,6.598533290939298,0.815,0.06,benign
0.309,3.661225,6.598533290939298,0.815,0.06,benign
0.309,3.661225,6.598533290939298,0.815,0.06,benign
0.309,3.661225,6.598533290939298,0.815,0.06,benign
0.309,3.661225,6.598533290939298,0.769,0.04,benign
0.309,3.661225,6.598533290939298,0.815,0.06,benign
0.309,3.661225,6.598533290939298,0.815,0.06,benign
0.309,3.661225,6.598533290939298,0.815,0.06,benign
0.309,3.661225,6.598533290939298,0.815,0.06,benign
0.309,3.661225,6.598533290939298,0.815,0.06,benign
0.181,3.244816,0.5821874180228754,0.089,0.0,pathogenic
0.181,3.244816,0.5821874180228754,0.001,0.0,pathogenic
0.916,0.843524,6.598533290939298,0.001,0.7,likely_benign
0.393,2.871921,0.6943457267749439,0.157,0.01,likely_benign
0.393,2.871921,0.6943457267749439,0.186,0.02,likely_benign
0.393,2.871921,0.6943457267749439,0.694,0.04,likely_benign
0.393,2.871921,0.6943457267749439,0.157,0.01,likely_benign
0.129,1.844133,6.598533290939298,0.009,0.2,likely_benign
0.129,1.844133,6.598533290939298,0.009,0.21,likely_benign
0.129,1.844133,6.598533290939298,0.009,0.21,likely_benign
0.129,1.844133,6.598533290939298,0.057,0.11,likely_benign
0.504504504,0.8267592999040392,4.41506,0.997,0.02,likely_benign
0.504504504,0.8267592999040392,4.41506,0.999,0.02,likely_benign
0.504504504,0.8267592999040392,4.41506,0.997,0.0,likely_benign
0.504504504,0.8267592999040392,4.41506,0.997,0.02,likely_benign
0.504504504,0.8267592999040392,4.41506,0.997,0.02,likely_benign
0.504504504,0.8267592999040392,4.41506,0.997,0.02,likely_benign
0.504504504,0.8267592999040392,4.41506,0.997,0.02,likely_benign
0.504504504,0.8267592999040392,4.41506,0.997,0.02,likely_benign
0.504504504,0.8267592999040392,4.41506,0.997,0.02,likely_benign
0.504504504,0.8267592999040392,4.41506,0.997,0.02,likely_benign
0.504504504,0.8267592999040392,4.41506,0.997,0.02,likely_benign
0.504504504,0.8267592999040392,4.41506,0.997,0.02,likely_benign
0.504504504,0.8267592999040392,4.41506,0.997,0.02,likely_benign
0.504504504,0.8267592999040392,4.41506,0.999,0.02,likely_benign
0.601601,0.7649249183794513,4.305868,0.957,0.0,likely_benign
0.601601,0.7649249183794513,4.305868,0.957,0.0,likely_benign
0.113113,0.1863401775350576,1.67579,0.039,0.29,likely_benign
0.113113,0.1863401775350576,1.67579,0.039,0.35,likely_benign
0.113113,0.1863401775350576,1.67579,0.047,0.3,likely_benign
0.113113,0.1863401775350576,1.67579,0.039,0.29,likely_benign
0.113113,0.1863401775350576,1.67579,0.039,0.35,likely_benign
0.113113,0.1863401775350576,1.67579,0.047,0.3,likely_benign
0.067067,0.1970802203914902,0.724283,0.0,0.18,benign
0.067067,0.1970802203914902,0.724283,0.0,0.18,benign
0.067067,0.1970802203914902,0.724283,0.0,0.18,benign
0.067067,0.1970802203914902,0.724283,0.0,0.18,benign
0.593593,3.031168501007479,3.740603,0.89,0.05,likely_benign
0.593593,3.031168501007479,3.740603,0.864,0.11,likely_benign
0.052052,3.031168501007479,1.516408,0.0,0.34,likely_benign
4.211689,28.8,6.598533290939298,1.0,0.0,likely_pathogenic
4.211689,28.8,6.598533290939298,1.0,0.0,likely_pathogenic
4.211689,28.8,6.598533290939298,1.0,0.0,likely_pathogenic
4.211689,28.8,6.598533290939298,1.0,0.0,likely_pathogenic
4.211689,28.8,6.598533290939298,1.0,0.0,likely_pathogenic
4.211689,28.8,6.598533290939298,1.0,0.0,likely_pathogenic
4.211689,28.8,6.598533290939298,0.98,0.01,likely_pathogenic
4.211689,28.8,6.598533290939298,0.999,0.0,likely_pathogenic
4.211689,28.8,6.598533290939298,1.0,0.0,likely_pathogenic
4.351954,30.0,6.598533290939298,0.0,0.0,pathogenic
4.351954,30.0,6.598533290939298,0.0,0.0,pathogenic
1.37288,14.9,6.598533290939298,0.0,0.0,pathogenic
1.37288,14.9,6.598533290939298,0.0,0.0,pathogenic
1.37288,14.9,6.598533290939298,0.0,0.0,pathogenic
1.37288,14.9,6.598533290939298,0.0,0.0,pathogenic
1.37288,14.9,6.598533290939298,0.0,0.0,pathogenic
1.37288,14.9,6.598533290939298,0.0,0.0,pathogenic
1.37288,14.9,6.598533290939298,0.0,0.0,pathogenic
1.37288,14.9,6.598533290939298,0.0,0.0,pathogenic
1.37288,14.9,6.598533290939298,0.0,0.0,pathogenic
